compound,harmonized_class,raw_agent_class,clinical_outcome,borderline_success,verifier_confidence,primary_source,reason,adjudicated_outcome,adjudication_basis
CX-717,AMPA_PAM,AMPA_PAM,FAILURE,False,high,https://pubmed.ncbi.nlm.nih.gov/17955941/,"All five checks pass against independent primary sources. (1) Drug and trial are real: CX717 (ampakine, Cortex Pharmaceuticals, CAS 867276-98-0); Wesensten, Reichardt & Balkin 2007, Aviat Space Environ Med 78(10):937-43, PMID 17955941 — randomized, double-blind, placebo-controlled, N=48, 4 nights simulated night-shift work, doses 200/400/1000 mg, cognition-relevant endpoints (psychomotor vigilance / performance & alertness battery). (2) Outcome=FAILURE is correct: primary source states 'None of ",,
D-cycloserine,NMDA_glycine_coagonist,nmda_glycine_site_coagonist,FAILURE,False,high,https://pmc.ncbi.nlm.nih.gov/articles/PMC2628436/ (PMID:18799288),"All five checks pass independently. (1) Trial is real: Goff DC et al., Schizophr Res 2008, ""Once-weekly d-cycloserine effects on negative symptoms and cognition in schizophrenia: an exploratory study,"" PMID:18799288, n=38 randomized / 33 completed, with a co-primary composite cognitive endpoint (Hopkins Verbal Learning Test et al.) — cognition-relevant. (2) Cognition outcome = FAILURE: PMC full text states verbatim 'There was no effect of drug on the cognitive composite at week 8' (F(1,29)=1.27,",,
D-serine,NMDA_glycine_coagonist,nmda_glycine_site_coagonist,FAILURE,False,high,PMID:22795211 (J Clin Psychiatry. 2012;73(6):e728-e734) — abstract verified at https://pubmed.ncbi.nlm.nih.gov/22795211/ ; UniProt Q05586 verified via https://rest.uniprot.org/uniprotkb/Q05586.txt,"All five checks pass independently. (1) Trial is real: PMID 22795211, Weiser et al., J Clin Psychiatry 2012;73(6):e728-e734 — 195-patient, multicenter, add-on, double-blind RCT of D-serine 2 g/day over 16 weeks; co-primary endpoints were SANS (negative symptoms) and the MATRICS/MCCB battery (cognition), so a cognition-relevant primary endpoint was reported. (2) Outcome = FAILURE confirmed; the candidate's numbers match the PubMed abstract verbatim: MATRICS 6.8% vs 6.1% placebo, p=.39, and SANS 1",,
HTL0018318,M1_muscarinic,m1_muscarinic_agonist,FAILURE,False,high,"PMID:35229025 (Nathan et al. 2022, Alzheimer's & Dementia: Diagnosis, Assessment & Disease Monitoring; DOI 10.1002/trc2.12273; full text PMC8864442). Discontinuation confirmed via Sosei PR (prnewswire.com/news-releases/sosei-provides-update-on-htl0018318-821503987.html) and Alzforum (alzforum.org/th","All five checks pass independently. (1) Drug + trial real: HTL0018318 is a selective muscarinic M1 (partial) agonist (Sosei Heptares); the Phase 1b/2a trial (PMID:35229025, 60 mild-to-moderate AD patients on donepezil, 4-wk RDBPC, 18 EU centers) reported cognition-relevant endpoints (Cogstate attention/episodic memory + EEG/ERP MMN/P3 biomarkers). (2) Outcome = FAILURE is correct under the convention: the paper reported only POSITIVE EXPLORATORY effects (mostly non-significant secondary endpoint",,
MK-0777,GABA_A_agonist,gabaa_alpha2_alpha3_partial_agonist,FAILURE,False,high,"PMID:21145041 (Buchanan RW et al., Biol Psychiatry. 2011 Mar 1;69(5):442-9) — confirmed independently via https://pubmed.ncbi.nlm.nih.gov/21145041/ ; UniProt confirmed via https://rest.uniprot.org/uniprotkb/P47869.txt","All five checks pass independently. (1) Trial is real: Buchanan RW et al. 2011, Biological Psychiatry 69(5):442-9, 4-week double-blind RCT, n=60 (MK-0777 3mg BID n=18 / 8mg BID n=21 / placebo n=21), primary endpoint = MATRICS Consensus Cognitive Battery (MCCB) composite — a cognition-relevant endpoint. (2) Outcome=FAILURE confirmed: no significant group differences on MCCB composite; placebo significantly OUTPERFORMED both MK-0777 doses on visual memory (BVMT-R) and reasoning (NAB mazes); author",,
MK-7622,M1_muscarinic,m1_muscarinic_pam,FAILURE,False,high,"PMID:29955661 (Voss T et al., Alzheimers Dement (N Y). 2018; https://pmc.ncbi.nlm.nih.gov/articles/PMC6021552/); target verified at https://rest.uniprot.org/uniprotkb/P11229.txt","All five checks pass. (1) MK-7622 and trial NCT01852110 (Merck MK-7622-012) are real; primary cognitive endpoint ADAS-Cog11 change-from-baseline at 12 weeks confirmed in PMID:29955661 (Voss 2018, Alzheimer's Dement N Y). (2) Outcome=FAILURE confirmed: trial stopped for futility after meeting prospectively defined stopping criteria; ADAS-Cog11 group difference 0.18 (95% CI -1.0 to 1.3), no cognitive benefit, elevated cholinergic AEs (21% vs 8%); development discontinued, never approved (Alzforum:",,
Milameline,M1_muscarinic,muscarinic_agonist_nonselective,FAILURE,False,high,https://www.alzforum.org/therapeutics/milameline,"All five criteria pass. (1) Real drug/program: Milameline (CI-979/RU-35926/PD-129409) advanced to Phase III for Alzheimer's disease as a cognition-enhancing agent (NCATS Inxight R9X77R42FN, AlzForum, Wikipedia concur); cognition is the relevant endpoint domain (PMID 7623616 was the 1995 Phase I MTD study preceding efficacy trials). (2) Outcome=FAILURE confirmed independently: AlzForum FDA status 'Alzheimer's Disease (Discontinued)', approved-for 'None'; multiple sources state poor clinical resul",,
Org 26576,AMPA_PAM,AMPA_PAM,FAILURE,False,high,"PMID:22771238 (Adler LA et al., Biol Psychiatry 2012;72:971-977) — confirmed via https://pubmed.ncbi.nlm.nih.gov/22771238/ ; target verified at https://www.uniprot.org/uniprotkb/P42261","Independently confirmed against PubMed (PMID 22771238) and corroborating sources (Wikipedia, AdisInsight listing, secondary reviews). (1) Org 26576 and the Adler 2012 Phase 2 crossover trial are real; n=78 adults with ADHD (67 randomized), multicenter double-blind placebo-controlled two-period crossover; cognition-relevant ADHD symptom endpoint. (2) Outcome = FAILURE: the fixed 100 mg b.i.d. arm beat placebo but the flexible-dose (100-300 mg b.i.d.) arm did NOT confirm efficacy; program was subs",,
RG3487 (MEM-3454),alpha7_nAChR,alpha7_nicotinic_acetylcholine_receptor_agonist,FAILURE,False,high,"https://pmc.ncbi.nlm.nih.gov/articles/PMC4023143/ (PMID:24549101, Umbricht et al., Neuropsychopharmacology 2014)","Independently confirmed all checks. (1) Trial is real: Umbricht et al., Neuropsychopharmacology 2014 (PMID:24549101 / PMC4023143), 8-week double-blind RCT, n=215 randomized (194 ITT), RG3487 (formerly MEM3454) 5/15/50 mg added to atypical antipsychotics in chronic stable schizophrenia; primary endpoint = MCCB composite T-score, a cognition endpoint. (2) Outcome = FAILURE: no significant MCCB composite effect vs placebo (adjusted mean diffs 5mg +0.11, 15mg -1.95, 50mg -1.13; p=0.2-0.9), no MCCB d",,
Sabcomeline,M1_muscarinic,m1_muscarinic_partial_agonist,FAILURE,False,high,https://rest.uniprot.org/uniprotkb/P11229.txt (target identity); https://www.thepharmaletter.com/sb-refocuses-memric-development and https://en.wikipedia.org/wiki/Sabcomeline (Phase 3 cognition failure),"All verification conditions hold. (1) Sabcomeline (SB-202026, 'Memric') is a real SmithKline Beecham/GSK compound that ran six Phase 3 Alzheimer's efficacy studies (>3,000 patients) with cognition (ADAS-Cog) as primary endpoint. (2) FAILURE confirmed by multiple independent sources: 'failed to meet Phase III cognition endpoints', 'discontinued due to poor results', 'marginal cognitive effects'; clinical_g=0 (null) is correct. (3) Mechanism = functionally selective M1 muscarinic partial agonist, ",,
Talsaclidine,M1_muscarinic,m1_muscarinic_agonist,FAILURE,False,high,"https://analyticalsciencejournals.onlinelibrary.wiley.com/doi/10.1002/ddr.10085 (Wienrich et al. 2002, Drug Dev Res 56:321-334); corroborated by Wikipedia and PMID 11193166 (Hock et al., CSF Abeta)","All five criteria independently confirmed. (1) Talsaclidine (WAL 2014 FU), a Boehringer Ingelheim selective M1 muscarinic agonist, was tested in a Phase 2 dose-ranging program in mild-to-moderate AD with ADAS-Cog as primary endpoint (e.g., NCT02249403, n=362, doses 6/12/24/36 mg vs placebo). (2) Outcome = FAILURE confirmed by multiple independent sources: the drug 'failed to improve cognitive symptoms when AD patients were treated for 3 months'; cholinergic side effects (sweating, hypersalivatio",,
aducanumab,anti_amyloid_beta_mab,anti_amyloid_beta_mab,SUCCESS,False,medium,"https://pubmed.ncbi.nlm.nih.gov/35542991/ (JPAD 2022, Budd Haeberlein et al.); UniProt P05067 verified via https://rest.uniprot.org/uniprotkb/P05067.txt; FDA accelerated approval confirmed via Drugs.com Aduhelm history","All five checks pass independently. (1) Aducanumab and trials EMERGE (NCT02484547) / ENGAGE (NCT02477800) are real; both used CDR-SB (cognition/function) as primary endpoint. (2) Outcome=SUCCESS is defensible under the stated convention: EMERGE met CDR-SB (diff -0.39, 95% CI -0.69 to -0.09, P=.012, 22% slowing, high dose) AND FDA granted accelerated approval June 2021. Companion ENGAGE was null (diff +0.03, P=.833) and both were halted for futility before post-hoc resurrection; Biogen later disc",FAILURE,re-included as FAILURE: cognition benefit not field-accepted (EMERGE+ but identical ENGAGE null; AdCom rejected; surrogate-only approval; withdrawn 2024)
aniracetam,AMPA_PAM,ampa_receptor_positive_modulator,SUCCESS,False,medium,PMID:1822317 (https://pubmed.ncbi.nlm.nih.gov/1822317/); UniProt P42262 verified at https://rest.uniprot.org/uniprotkb/P42262.txt,"Independently confirmed all checks. (1) Trial is real: PMID 1822317, Senin et al., Eur Neuropsychopharmacol 1991, 'Aniracetam (Ro 13-5057) in the treatment of senile dementia of Alzheimer type (SDAT)' — 109 NINCDS-ADRDA probable AD patients, 6-month double-blind placebo-controlled multicentre RCT with a psychobehavioural/cognitive battery (cognition-relevant). Candidate PMID, drug code, year, design, n all match. (2) Outcome=SUCCESS matches readout: aniracetam differed significantly from placebo",FAILURE,legacy regional 'mental function' label only; no adequately-powered pivotal (PMID 1822317)
bapineuzumab,anti_amyloid_beta_mab,anti_amyloid_beta_mab,FAILURE,False,high,"https://pubmed.ncbi.nlm.nih.gov/24450891/ (Salloway et al., NEJM 2014; NEJMoa1304839)","Independently confirmed against the primary source (PMID:24450891 = Salloway et al., NEJM 2014, NEJMoa1304839) and UniProt. (1) Real drug, real trials: Study 302/NCT00575055 (APOE e4 carriers, n=1121) and Study 301/NCT00574132 (noncarriers, n=1331), co-primary endpoints ADAS-Cog11 and DAD — both cognition-relevant. (2) Outcome=FAILURE matches the documented readout: ADAS-Cog11 between-group difference -0.2 (P=0.80) in carriers, -0.3 (P=0.64) and +0.4 (P=0.62) in noncarriers; authors concluded ba",,
bepranemab,tau_targeting,tau_aggregation_or_antibody,FAILURE,False,high,https://clinicaltrials.gov/api/v2/studies/NCT04867616 (primary outcome = CDR-SB) + UCB CTAD 2024 press release https://www.ucb.com/newsroom/press-releases/article/ucb-presents-encouraging-data-on-bepranemab-in-early-alzheimer-s-disease-in-phase-2a-study-at-ctad-2024 (primary endpoint missed) + UniPr,"All five checks pass via independent primary sources. (1) ClinicalTrials.gov API confirms NCT04867616 = TOGETHER/AH0003, sponsor UCB Biopharma, Phase 2, prodromal-to-mild AD, primary outcome = change to week 80 in CDR-SB (cognition/function-relevant). (2) Outcome = FAILURE: UCB's own CTAD 2024 press release states no beneficial effect of low- or high-dose bepranemab vs placebo on the primary CDR-SB endpoint in the overall population; secondary ADAS-Cog14 slowing of 21-25% and tau-PET reduction r",,
betahistine,H3_cognition,histamine_h3_antagonist_h1_agonist,SUCCESS,False,medium,https://pmc.ncbi.nlm.nih.gov/articles/PMC8591287/ (PMID:34790138),"Independently confirmed all five criteria. (1) PMID:34790138 is real: Wang Y et al., 'High-Dose Betahistine Improves Cognitive Function in Patients With Schizophrenia: A Randomized Double-Blind Placebo-Controlled Trial,' Frontiers in Psychiatry 2021; n=89, betahistine 72 mg/d x 12 wk, primary endpoint MCCB composite — verified on PubMed and PMC full text, matches candidate exactly. (2) SUCCESS is correct: MCCB composite improved vs placebo p=0.003, Cohen's d=0.68 (7.26 vs ~2.95 pt), verbal learn",FAILURE,"approved for vertigo not cognition; single Phase 2 schizophrenia signal (PMID 34790138), unreplicated"
bryostatin-1,PKC_activator,pkc_epsilon_activator,FAILURE,False,high,PMID:30530975 (https://pmc.ncbi.nlm.nih.gov/articles/PMC6398557/),"Independently confirmed against primary sources. (1) Trial real with cognition endpoint: Farlow et al., J Alzheimers Dis 2019;67(2):555-570 (PMID:30530975 / PMC6398557; protocol NTRP-101-202 = NCT02431468), randomized double-blind placebo-controlled Phase II, 150 enrolled/147 treated, arms 20 ug / 40 ug / placebo, primary endpoint = SIB change at week 13 (a genuine cognition scale). (2) Outcome FAILURE confirmed: primary endpoint NOT met in Full Analysis Set, 20 ug vs placebo p=0.134 (one-sided)",,
buntanetap,APP_translation_inhibitor,protein_translation_inhibitor,FAILURE,False,high,https://www.alzforum.org/therapeutics/buntanetap,"All five criteria independently confirmed. (1) Trial real: CT.gov API v2 (NCT05686044) = 'A Randomized, Double-Blind, Placebo-Controlled, Dose-Ranging, Multicenter Study of Buntanetap in Participants With Mild to Moderate Alzheimer's Disease,' Phase 2/3, sponsor Annovis Bio, n=351, MMSE 14-24; co-primaries are ADAS-Cog11 (cognition) and ADCS-CGIC. (2) Outcome=FAILURE confirmed by INDEPENDENT sources, not the company spin: ALZFORUM states the co-primary ADCS-CGIC 'did not change' and that moderat",,
buspirone,serotonin_5HT1A_partial_agonist,5HT1A_partial_agonist,FAILURE,False,high,https://pubmed.ncbi.nlm.nih.gov/17628435/,"Independently confirmed via PubMed (PMID:17628435), the ScienceDirect/Schizophrenia Research abstract, and the EPA HERO reference. (1) Trial is real: Sumiyoshi, Park, Jayathilake, Roy, Ertugrul, Meltzer, Schizophr Res 2007; n=73; buspirone 30 mg/day adjunctive to atypical antipsychotics; cognition battery (attention, verbal fluency, verbal learning/memory, working memory, executive function). (2) Outcome=FAILURE is correct: the trial was null on the battery except a single Time x Group effect on",,
cannabidiol,serotonin_5HT1A_partial_agonist,serotonin_5ht1a_partial_agonist,FAILURE,False,high,https://pubmed.ncbi.nlm.nih.gov/29619533/,"All five criteria independently confirmed. (1) Trial is real: PubMed PMID 29619533, Boggs DL et al. 2018, Psychopharmacology (Berl), 'The effects of cannabidiol (CBD) on cognition and symptoms in outpatients with chronic schizophrenia: a randomized placebo controlled trial' — n=36, 600 mg/day CBD vs placebo augmentation over 6 weeks; primary cognitive endpoint = MCCB (MATRICS Consensus Cognitive Battery) Composite. (2) Outcome = FAILURE confirmed: no main effect of drug on MCCB Composite; signif",,
cilostazol,pde3_inhibitor,pde3_inhibitor,FAILURE,False,high,"PMID:38048134 (JAMA Netw Open 2023; ""Efficacy and Safety of Cilostazol in Mild Cognitive Impairment: A Randomized Clinical Trial"" — COMCID/NCT02491268 primary results); corroborated by protocol PMC5651350 and UniProt Q14432 (rest.uniprot.org/uniprotkb/Q14432.txt)","All five checks pass independently. (1) Trial is real: COMCID = ""Cilostazol for prevention of COnversion from MCI to Dementia,"" NCT02491268, primary endpoint = MMSE change over 96 weeks (cognition-relevant), confirmed via protocol paper PMC5651350. (2) Outcome = FAILURE confirmed: primary results paper PMID:38048134 (n=159) reports no statistically significant difference between cilostazol and placebo on the primary MMSE outcome; 96-week LS-mean MMSE change placebo -1.3 vs cilostazol -1.8 (numer",,
citicoline,cholinergic_precursor,cholinergic_phospholipid_precursor,FAILURE,False,high,"PMID:10669911 (Alvarez XA et al., Methods Find Exp Clin Pharmacol. 1999 Nov; https://pubmed.ncbi.nlm.nih.gov/10669911/)",duplicate,,
crenezumab,anti_amyloid_beta_mab,anti_amyloid_beta_mab,FAILURE,False,high,"https://pmc.ncbi.nlm.nih.gov/articles/PMC9486635/ (PMID:36121669, JAMA Neurology 2022)","All five criteria independently confirmed. (1) Crenezumab is a real humanized IgG4 anti-amyloid-beta mAb (discovered by AC Immune, developed by Genentech/Roche); CREAD (NCT02670083) and CREAD2 (NCT03114657) are real Phase 3 trials with the CDR-SB primary endpoint, a cognition/dementia-staging measure. (2) Outcome=FAILURE confirmed: per JAMA Neurology PMID:36121669, both trials were discontinued after a preplanned interim analysis and did not meet the CDR-SB primary endpoint (between-group differ",,
dalzanemdor,NMDA_glycine_coagonist,nmda_receptor_positive_allosteric_modulator,FAILURE,False,high,https://www.businesswire.com/news/home/20241119012801/en/Sage-Therapeutics-Announces-Topline-Results-from-the-Phase-2-DIMENSION-Study-of-Dalzanemdor-SAGE-718-in-the-Treatment-of-Cognitive-Impairment-Associated-with-Huntington%E2%80%99s-Disease,"All five criteria independently confirmed. (1) Drug/trial real: Dalzanemdor (SAGE-718), DIMENSION study NCT05107128, n=189, 12-wk placebo-controlled Ph2, primary endpoint SDMT (a cognition test) at Day 84 — corroborated by BioSpace, NeurologyLive, Clinical Trials Arena, Huntington's Disease News, and the Business Wire topline. (2) Outcome FAILURE matches: no statistically significant difference vs placebo on primary SDMT endpoint at Day 84; no significant/meaningful secondary endpoints; Sage exp",,
davunetide,microtubule_stabilizer,microtubule_stabilizing_peptide,FAILURE,False,high,"https://pmc.ncbi.nlm.nih.gov/articles/PMC4129545/ (PMID:24873720; Boxer et al., Lancet Neurology 2014)","All five criteria independently confirmed. (1) Drug+trial REAL: davunetide (NAP/AL-108) in AL-108-231 / NCT01110720, published Boxer et al., Lancet Neurology 2014 (PMID 24873720, full text PMC4129545); cognition-relevant endpoints reported (RBANS plus executive-function tests: phonemic fluency, letter-number sequencing, color trails). (2) Outcome = FAILURE confirmed: both co-primaries null (PSPRS and SEADL, non-significant) and ALL cognitive secondaries null — RBANS p=0.55, phonemic fluency p=0.",,
donanemab,anti_amyloid_beta_mab,anti_amyloid_beta_mab,SUCCESS,False,high,"PMID:37459141 (Sims JR et al., ""Donanemab in Early Symptomatic Alzheimer Disease: The TRAILBLAZER-ALZ 2 Randomized Clinical Trial,"" JAMA 2023; https://jamanetwork.com/journals/jama/fullarticle/2807533 / https://pmc.ncbi.nlm.nih.gov/articles/PMC10352931/)","All five criteria independently confirmed. (1) Drug and trial real: donanemab (LY3002813) and TRAILBLAZER-ALZ 2 (NCT04437511), published JAMA 2023-08-08, with a cognition-relevant primary endpoint (iADRS). (2) Outcome SUCCESS confirmed: iADRS met with statistical significance — low/medium-tau population showed 35.1% slowing (iADRS diff 3.25, P<.001), combined population 22% slowing (P<.001); secondary CDR-SB also positive (36.0% slowing); drug subsequently FDA-approved as Kisunla (donanemab-azbt",,
eptastigmine,AChE_inhibitor,AChE_inhibitor,SUCCESS,False,high,"PMID:10078713 (Imbimbo et al., Neurology 1999;52(4):700-8; https://pubmed.ncbi.nlm.nih.gov/10078713/)","Independently confirmed all checks. (1) Trial is real: PMID:10078713 = Imbimbo BP, Martelli P, Troetel WM, Lucchelli F, Lucca U, Thal LJ, Neurology 1999 Mar 10;52(4):700-8, a 24-week multicenter randomized double-blind placebo-controlled trial (n=491; arms placebo/eptastigmine 15mg TID/20mg TID) with ADAS-Cog as a cognition primary endpoint. (2) Outcome = SUCCESS: trial was statistically positive on cognition (20mg significant on ADAS-Cog, CIBIC-Plus, IADL; 15mg significant on ADAS-Cog; authors ",SUCCESS,"re-included as SUCCESS: positive Phase 3 ADAS-Cog/CIBIC/IADL (PMID 10078713); halted for granulocytopenia (safety), not efficacy"
exenatide,GLP1_receptor_agonist,glp1_receptor_agonist,FAILURE,False,high,"https://pmc.ncbi.nlm.nih.gov/articles/PMC7476877/ (PMID:31518224; Mullins et al., Current Alzheimer's Research 2019;16(8):741-752; NCT01255163)","Independently confirmed against the primary publication (PMC7476877 / PMID 31518224) and UniProt REST. (1) Real drug and real trial: 18-month double-blind placebo-controlled RCT of exenatide in early AD, NCT01255163, with cognition endpoints (MMSE, ADAS-Cog, CDR-SB) explicitly measured. (2) FAILURE is correct: paper states neuropsychological measures (MMSE, ADAS-cog, CDR-sob) were 'largely similar between exenatide and placebo groups at 18 months' and 'no trends in support of the hypothesis that",,
fluvoxamine,sigma1_agonist,sigma1_agonist,FAILURE,False,high,https://www.ebi.ac.uk/europepmc/webservices/rest/search?query=EXT_ID:22926591&resultType=core (PMID:22926591; UniProt Q99720 confirmed via rest.uniprot.org),"Independently confirmed via Europe PMC REST API: Niitsu et al. 2012, J Clin Psychopharmacol, 48-patient RCT of adjunctive fluvoxamine 150 mg/d vs placebo (8 wk) with CANTAB as primary cognitive outcome. Primary endpoint showed NO significant time x group interaction on CANTAB (or PANSS/SANS/QLS/MADRS); authors concluded no major cognitive benefit, with only a modest SECONDARY Spatial Working Memory strategy-score signal requiring larger confirmation. This is a null primary cognition readout -> F",,
ganaxolone,GABA_A_agonist,gaba_a_positive_allosteric_modulator,FAILURE,False,high,https://pmc.ncbi.nlm.nih.gov/articles/PMC5540519/ (PMID:28764646); UniProt P14867 verified via https://rest.uniprot.org/uniprotkb/P14867.txt,"All 5 criteria independently confirmed. (1) Trial is real: Ligsay et al. 2017, J Neurodev Disord, NCT01725152 (PMID 28764646 / PMC5540519), randomized double-blind placebo-controlled crossover, 59 children/adolescents (6-17y) with FXS; cognition-relevant endpoint = VAS attention. (2) Outcome = FAILURE confirmed: primary CGI-I not significant (ganaxolone 3.4 vs placebo 3.5, p=0.45); VAS attention in overall population NOT significant (4.4 vs 3.9, p=0.14). The only positive attention signal was a ",,
gantenerumab,anti_amyloid_beta_mab,anti_amyloid_beta_mab,FAILURE,False,high,https://www.nejm.org/doi/full/10.1056/NEJMoa2304430 (PMID:37966285); UniProt P05067 verified via https://rest.uniprot.org/uniprotkb/P05067.txt; Roche discontinuation https://www.roche.com/media/releases/med-cor-2022-11-14,"Independently confirmed all five conditions. (1) Gantenerumab is a real fully-human anti-Abeta IgG1 mAb; GRADUATE I & II are real Phase 3 trials (NCT03444870/NCT03443973) with cognition-relevant primary endpoint CDR-SB at week 116, published in NEJM Nov 16 2023 (PMID:37966285, DOI:10.1056/NEJMoa2304430). (2) FAILURE is correct: both arms missed CDR-SB primary endpoint (GRADUATE I diff -0.31, 95% CI -0.66 to 0.05, P=0.10; GRADUATE II diff -0.19, 95% CI -0.55 to 0.17, P=0.30); Roche announced disc",,
gosuranemab,tau_targeting,tau_aggregation_or_antibody,FAILURE,False,high,"PMID:38012285 (Shulman M et al., ""TANGO: a placebo-controlled randomized phase 2 study of efficacy and safety of the anti-tau monoclonal antibody gosuranemab in early Alzheimer's disease,"" Nature Aging, 2023); https://pmc.ncbi.nlm.nih.gov/articles/PMC10724064/","Independently confirmed all required facts. (1) Gosuranemab (BIIB092) is a real humanized IgG4 anti-N-terminal-tau mAb; TANGO (NCT03352557) is a real Phase 2 trial (n=654) with primary efficacy measure CDR-SB at week 78 plus cognition endpoints ADAS-Cog13 and MMSE. (2) FAILURE confirmed: no dose beat placebo on CDR-SB (placebo 1.85; low 2.20; intermed 2.24; high 1.85; all p>0.19); high dose was statistically WORSE on ADAS-Cog13 at wk78 (diff 1.69, p=0.0378); no MMSE benefit; Biogen discontinued ",,
huperzine A,AChE_inhibitor,AChE_inhibitor,FAILURE,False,high,https://pubmed.ncbi.nlm.nih.gov/21502597/,"Independently confirmed against the primary source (PubMed/PMC3269774, Neurology 2011, Rafii et al., Alzheimer's Disease Cooperative Study). (1) Trial real: n=210 RCT, cognition endpoint ADAS-Cog. (2) Outcome FAILURE correct: prespecified primary endpoint (huperzine A 200 ug BID change in ADAS-Cog at wk16) NOT met; authors state Class III evidence of no demonstrable cognitive effect; ALZFORUM independently confirms negative primary endpoint and FDA status Inactive/Approved-for-None. A 400 ug BID",FAILURE,US ADCS Phase 2 null on ADAS-Cog primary (PMID 21502597)
hydromethylthionine,tau_targeting,tau_aggregation_or_antibody,FAILURE,False,high,"PMID:27863809 (https://pubmed.ncbi.nlm.nih.gov/27863809/) — Gauthier et al., Lancet 2016, NCT01689246","Independently confirmed against the primary source (PubMed PMID:27863809) and corroborated by Alzforum and UniProt REST. (1) Trial is real: NCT01689246 / TRx-237-015, Gauthier et al., Lancet 2016, 'Efficacy and safety of tau-aggregation inhibitor therapy in patients with mild or moderate Alzheimer's disease', co-primary endpoints ADAS-Cog (cognition) + ADCS-ADL. (2) Outcome=FAILURE matches: abstract states verbatim 'The primary analysis for this study was negative, and the results do not suggest",,
idebenone,mitochondrial_antioxidant,mitochondrial_quinone_antioxidant,FAILURE,False,high,https://pubmed.ncbi.nlm.nih.gov/14663031/,"Independently confirmed all five checks. (1) Trial is real: Thal LJ, Grundman M, et al., Neurology 2003, PMID 14663031, titled 'Idebenone treatment fails to slow cognitive decline in Alzheimer's disease' — a 1-year multicenter double-blind placebo-controlled RCT, 536 patients randomized to placebo + idebenone 120/240/360 mg tid, with cognition-relevant primary endpoints (ADAS-Cog and CGIC). (2) Outcome=FAILURE is correct: no significant overall differences in the prespecified four-group design; ",,
intranasal insulin,insulin,insulin_receptor_agonist,FAILURE,False,high,PMID:32568367 (https://pubmed.ncbi.nlm.nih.gov/32568367/),"All five checks pass, independently verified (not relying on candidate citation). (1) Drug+trial real: PubMed PMID:32568367 is the SNIFF RCT, JAMA Neurology 2020, NCT01767909, primary endpoint ADAS-Cog12 at 12 months (cognition-relevant). (2) FAILURE correct: primary device-2 ITT cohort ADAS-Cog12 change 0.0258 pts (95% CI -1.771 to 1.822; P=.98), conclusion 'No cognitive or functional benefits were observed'; not approved for AD/MCI (ALZFORUM: only approved for diabetes). The n=48 device-1 subg",,
ladostigil,AChE_inhibitor,AChE_inhibitor,FAILURE,False,high,"https://pubmed.ncbi.nlm.nih.gov/31492718/ (Schneider LS et al., Neurology 2019; full text PMC7010322); target verified on https://rest.uniprot.org/uniprotkb/P22303.txt","Independently confirmed against the primary source (Schneider LS et al., ""Low-dose ladostigil for mild cognitive impairment: A phase 2 placebo-controlled clinical trial,"" Neurology 2019, PMID:31492718; full text PMC7010322). (1) Real drug (ladostigil/TV-3326) and real 3-yr Phase 2 RCT (n=210, MCI + medial temporal lobe atrophy) with a cognition-relevant primary endpoint (progression to AD dementia) plus an NTB cognitive composite secondary. (2) FAILURE is correct: primary endpoint NOT met (14.1%",FAILURE,"Phase 2 MCI-conversion primary not met; well tolerated, not a safety halt (PMID 31492718)"
latrepirdine,multitarget_neuroprotective,histamine_h1_antagonist_multitarget,FAILURE,False,high,"PMID:25897825 (Chau et al., Cochrane Database Syst Rev 2015, CD009524); corroborated by Pfizer/Medivation CONNECTION (Mar 2010) and CONCERT (Jan 2012) press releases and UniProt P35367 (rest.uniprot.org/uniprotkb/P35367.txt)","Independently confirmed all criteria. (1) Latrepirdine (Dimebon/dimebolin) and the CONNECTION (NCT00829374)/CONCERT Phase 3 RCTs are real, with ADAS-Cog as a co-primary cognitive endpoint. (2) FAILURE confirmed: CONNECTION missed co-primaries (ADAS-Cog diff 0.1, p=0.86, Mar 2010); CONCERT failed both co-primaries (Jan 2012) ending AD development; Cochrane pooled 3 RCTs (Doody 2008, CONNECTION, CONCERT; n=1243) ADAS-Cog MD -1.49 (95% CI -3.47 to 0.49), p=0.14 (null). Candidate evidence string mat",,
lecanemab,anti_amyloid_beta_mab,anti_amyloid_beta_mab,SUCCESS,False,high,"PMID:36449413 (van Dyck et al., ""Lecanemab in Early Alzheimer's Disease,"" NEJM 2023; https://pubmed.ncbi.nlm.nih.gov/36449413/); target verified at https://rest.uniprot.org/uniprotkb/P05067.txt; approval at https://www.fda.gov/news-events/press-announcements/fda-converts-novel-alzheimers-disease-tre","All five criteria independently confirmed. (1) Clarity AD (NCT03887455) is a real phase 3 trial of lecanemab; primary endpoint CDR-SB at 18 months is cognition/function-relevant. (2) SUCCESS is correct: met primary endpoint with adjusted difference -0.45 vs placebo (95% CI -0.67 to -0.23; P<0.001; 27% slowing), confirmed via independent fetch of PMID:36449413; FDA accelerated approval Jan 2023 and traditional approval Jul 6 2023 in the lead indication (early AD, MCI-to-mild-dementia). (3) mechan",,
lecozotan,serotonin_5HT1A_antagonist,5HT1A_antagonist,FAILURE,False,high,"https://clinicaltrials.gov/study/NCT00277810 ; Booth et al. 2012 Alzheimer's & Dementia P3-425 doi:10.1016/j.jalz.2012.05.2099 ; UniProt P08908 (5HT1A_HUMAN, HTR1A) confirmed via go.drugbank.com/polypeptides/P08908 + GeneCards HTR1A","All five checks pass. (1) Lecozotan (SRA-333), a Wyeth investigational drug, and trial NCT00277810 are real; NCT00277810 is the adjunctive (with cholinesterase inhibitor) mild-to-moderate AD study (study 203) with ADAS-Cog as the cognition endpoint. (2) FAILURE confirmed independently: in study 203, improvements over placebo on ADAS-Cog at week 24 were NOT statistically significant in any lecozotan group; ADCS-CGIC also non-significant in both studies; combination did not significantly improve c",,
lemborexant,orexin_antagonist,orexin_receptor_antagonist,FAILURE,False,high,"https://doi.org/10.14283/jpad.2020.69 (Moline M, et al. J Prev Alzheimers Dis. 2021;8:7-18) corroborated by ClinicalTrials.gov NCT03001557 (https://clinicaltrials.gov/study/NCT03001557) and UniProt O43614 (OX2R_HUMAN)","Independently verified all 5 conditions. (1) NCT03001557 (Eisai Study 202) is a real Phase 2 RCT of lemborexant in ISWRD + mild-moderate Alzheimer's dementia; cognition was assessed by MMSE and ADAS-Cog. (2) clinical_outcome=FAILURE is correct for the cognition axis: the primary publication states 'There were no serious treatment-emergent adverse events or worsening of cognitive function, as assessed by the MMSE and ADAS-Cog' — i.e., NO cognitive improvement (and no worsening), a null cognitive ",,
liraglutide,GLP1_receptor_agonist,glp1_receptor_agonist,FAILURE,False,high,"https://pmc.ncbi.nlm.nih.gov/articles/PMC12823385/ (Nature Medicine 2025, DOI 10.1038/s41591-025-04106-7); UniProt P43220 confirmed via https://rest.uniprot.org/uniprotkb/P43220.txt","All five checks pass against independent primary sources. (1) ELAD is a real Phase 2b RCT (204 non-diabetic mild-to-moderate AD patients, Imperial College/Paul Edison, published Nature Medicine 1 Dec 2025) reporting cognition endpoints (ADAS-Exec, ADCS-ADL, CDR-SoB). (2) Outcome=FAILURE is correct: the PRIMARY endpoint, cerebral glucose metabolism on FDG-PET, was missed (adjusted diff -0.17, 95% CI -0.39 to 0.06, P=0.14); liraglutide is not approved for AD. A pre-specified cognitive SECONDARY, A",,
lithium,GSK3_inhibitor,gsk3_beta_inhibitor,SUCCESS,False,high,"PMID 21525519 (Forlenza et al., Br J Psychiatry 2011;198:351-356); confirmed via Cambridge Core https://www.cambridge.org/core/journals/the-british-journal-of-psychiatry/article/C673342DBC81E80462318BF208B9A8F7 and UniProt https://rest.uniprot.org/uniprotkb/P49841.txt","All checks pass. (1) Trial is real and reported a cognition endpoint: Forlenza et al. 2011 BJP, double-blind RCT of low-dose lithium in amnestic MCI, ADAS-Cog co-primary. (2) Outcome SUCCESS confirmed: lithium remained stable on ADAS-Cog (P=0.21) while placebo declined (P=0.03), better attention (P=0.04), lowered CSF P-tau (P=0.03); authors conclude lithium attenuates cognitive/functional decline — a positive single Phase 2 RCT. (3) mechanism_class gsk3_beta_inhibitor is correct — lithium is the",FAILURE,small pilot RCTs only (PMID 21525519); confirmatory trial still needed; approved for bipolar not cognition
luvadaxistat,DAAO_inhibitor,daao_inhibitor,FAILURE,False,high,"https://www.nature.com/articles/s41386-026-02410-5 (Neuropsychopharmacology 2026, ERUDITE primary results) + Neurocrine press release https://www.prnewswire.com/news-releases/neurocrine-biosciences-provides-update-on-erudite-phase-2-data-for-luvadaxistat-in-adults-with-cognitive-impairment-associate","All 5 criteria independently confirmed. (1) ERUDITE is a real Neurocrine phase 2 (NBI-1065844/luvadaxistat) with a cognition primary endpoint (BACS composite), n=203 randomized 2:1:1 (placebo 101 / 20 mg 50 / 50 mg 52). (2) FAILURE confirmed: did NOT meet primary endpoint — BACS LS-mean diff vs placebo 20 mg -0.7 p=0.75, 50 mg -0.5 p=0.69; secondaries also null (SCoRS p=0.40/0.25; VRFCAT p=0.93/0.37); Neurocrine announced failure Sept 12 2024 and discontinued development. Failed to replicate the",,
masitinib,tyrosine_kinase_inhibitor,tyrosine_kinase_inhibitor,SUCCESS,False,high,"PMID 36849969 (Dubois B et al., Alzheimers Res Ther. 2023;15(1):39); UniProt P10721 (KIT_HUMAN) via rest.uniprot.org/uniprotkb/P10721.txt","All four criteria confirmed against independent primary sources. (1) Trial real: masitinib Phase 3 AB09004 = NCT01872598, primary endpoint ADAS-Cog (a cognition instrument), published in Alzheimer's Research & Therapy 2023;15(1):39 (PMID 36849969). (2) Outcome SUCCESS matches readout: study met its ADAS-Cog primary analysis endpoint — masitinib 4.5 mg/kg/day (n=182) change -1.46 vs placebo (n=176) +0.69, between-group difference -2.15 (97.5% CI [-3.48, -0.81]), p<0.001 in the paper (AB Science/A",FAILURE,re-included as FAILURE: AB09004 positive but contested mid-trial SAP amendments; not approved; confirmatory AB21004 ongoing
metrifonate,AChE_inhibitor,AChE_inhibitor,SUCCESS,False,high,"PMID:9595967 (Morris JC et al., ""Metrifonate benefits cognitive, behavioral, and global function in patients with Alzheimer's disease,"" Neurology 1998); corroborated by Cochrane CD003155 and UniProt P22303 (rest.uniprot.org/uniprotkb/P22303.txt)","All five checks pass under independent research. (1) Trial is real: PMID:9595967 = Morris et al., Neurology 1998, Metrifonate Study Group, n=408, 36-week RCT (26-week double-blind), primary endpoint ADAS-Cog, 2.86-point treatment difference favoring metrifonate, p=0.0001 — matches the candidate's evidence exactly. (2) Outcome = SUCCESS on cognition is correct: metrifonate met its primary cognitive endpoint with significance across multiple Phase 3 trials (PMIDs 9595966, 9595967, MALT/10556869) a",SUCCESS,"re-included as SUCCESS: clean field-accepted positive Phase 3 ADAS-Cog (~2.9-3.2 pt, PMID 9595966); development halted for SAFETY (respiratory paralysis), not efficacy"
mirodenafil (AR1001),pde5_inhibitor,pde5_inhibitor,FAILURE,False,high,PMID:40912996 (also independently corroborated: PMC12740809 and ScienceDirect S2274580725002791); UniProt O76074 verified via https://rest.uniprot.org/uniprotkb/O76074.txt,"All five checks pass independently. (1) Drug/trial real with cognition endpoint: AR1001-ADP2-US01 Phase 2 (NCT03625622), 210 patients, placebo/10mg/30mg, co-primary endpoints ADAS-Cog13 + ADCS-CGIC, confirmed via PubMed PMID:40912996, PMC12740809, and ScienceDirect. (2) Outcome FAILURE matches readout: published conclusion states 'primary efficacy endpoints were not met after 26 weeks'; no difference vs placebo on ADAS-Cog13, ADCS-CGIC, or secondary endpoints (only exploratory high-pTau181 subgr",,
nabilone,cannabinoid,cannabinoid_cb1_cb2_agonist,FAILURE,False,high,https://pubmed.ncbi.nlm.nih.gov/31182351/,"Independently confirmed against the primary publication (PMID 31182351, Herrmann/Lanctot et al., Am J Geriatr Psychiatry 2019) plus the ADDF Cognitive Vitality report and UniProt. (1) Drug+trial real: nabilone (FDA-approved synthetic cannabinoid) in NCT02351882, 14-wk double-blind crossover, n=39, mean age 87; cognition was a prespecified secondary endpoint (sMMSE + Severe Impairment Battery). (2) Outcome=FAILURE for cognition is correct: primary agitation endpoint succeeded (CMAI b=-4.0, p=0.00",,
nicergoline,alpha1_adrenoceptor_antagonist,alpha1_adrenoceptor_antagonist,SUCCESS,False,high,PMID:11687175 (Cochrane CD003159); UniProt P35348 (rest.uniprot.org/uniprotkb/P35348.txt),"All criteria independently confirmed. (1) Trial real: Fioravanti & Flicker, Cochrane Database Syst Rev 2001 Issue 4, CD003159 (PMID:11687175), reporting cognition endpoints MMSE and ADAS-Cog. (2) Outcome SUCCESS justified: authors concluded 'some evidence of positive effects of nicergoline on cognition and behaviour,' with a statistically significant MMSE benefit (2.86 [0.98,4.74] at 12 mo, n=261) and supportive CGI (Peto OR 3.33); ADAS-Cog non-significant (-1.64 [-4.62,1.34]). Nicergoline is al",FAILURE,re-included as FAILURE: legacy multi-country dementia approval on Cochrane-low-quality evidence; no modern adequately-powered accepted positive pivotal
nicotine,nicotinic_nonselective,nicotinic_acetylcholine_receptor_agonist,SUCCESS,False,high,"PMID:22232050 (Newhouse et al., Neurology 2012;78(2):91-101) — https://pubmed.ncbi.nlm.nih.gov/22232050/ ; target verified at https://rest.uniprot.org/uniprotkb/P43681.txt","Independently confirmed all five conditions. (1) Trial real: Newhouse et al. 2012, Neurology, PMID:22232050 — 6-month double-blind RCT of transdermal nicotine 15 mg/day vs placebo in nonsmoking amnestic MCI; primary endpoint = attention via Conners CPT (cognition-relevant). (2) Outcome = SUCCESS on cognition: primary CPT improved F1,57=14.96, p=0.0003 (matches candidate exactly), plus secondary memory/processing gains; clinician-rated global impression did NOT change (p=0.13), consistent with ca",FAILURE,74-patient MCI pilot only (PMID 22232050); no pivotal/approval
nilotinib,tyrosine_kinase_inhibitor,bcr_abl_kinase_inhibitor,FAILURE,False,high,"PMID 32468646 (Turner RS et al., Ann Neurol 2020; https://pubmed.ncbi.nlm.nih.gov/32468646/); UniProt P00519 confirmed via https://rest.uniprot.org/uniprotkb/P00519.txt","Independently confirmed all criteria. (1) Trial NCT02947893 is real: Turner et al., Annals of Neurology 2020, 37-patient Georgetown Phase 2; cognition/clinical/functional/behavioral measures were assessed as exploratory endpoints (verified via PubMed PMID 32468646 and ALZFORUM). (2) FAILURE on cognition is correct: both PubMed abstract and ALZFORUM state 'no differences were seen in exploratory clinical, cognitive, functional, or behavioral measures'; drug never approved for AD and the planned P",,
oxiracetam,AMPA_PAM,ampa_receptor_positive_modulator,FAILURE,False,high,https://pmc.ncbi.nlm.nih.gov/articles/PMC12303921/ (PMID:40882961),"Independently confirmed against PMC full text (PMC12303921) and PubMed (PMID:40882961). The pivotal trial is real: Lim JS et al., ""Oxiracetam and physical activity in preventing cognitive decline after stroke: A multicenter, randomized controlled trial,"" European Stroke Journal 2025, registration KCT0005137, 500 enrolled (457 completed), co-primary cognition endpoints MMSE and CDR-SB. Both endpoints null: MMSE change oxiracetam +0.13±2.27 vs placebo +0.27±2.09 (p=0.49); CDR-SB change -0.14±0.70 ",,
pesampator,AMPA_PAM,AMPA_PAM,FAILURE,False,high,"https://clinicaltrials.gov/api/v2/studies/NCT03745820 (posted primary-outcome results: BIIB104 0.15mg vs PBO LS mean diff -0.26, p=0.8472; 0.5mg vs PBO -0.33, p=0.8053) + UniProt P42261 (GRIA1_HUMAN, reviewed) via https://rest.uniprot.org/uniprotkb/P42261.txt","Independently confirmed all checks. (1) Drug pesampator (PF-04958242/BIIB104) and trial NCT03745820 (263CS201, Biogen Phase 2, n=195, completed Apr 2022) are real; primary endpoint = change from baseline in MCCB Working Memory Domain at Week 12 (cognition-relevant). (2) Outcome = FAILURE confirmed: ClinicalTrials.gov posted results show both active doses numerically WORSE than placebo with non-significant p-values (0.8472, 0.8053); Biogen discontinued the program July 2022 for ineffectiveness (W",,
phenserine,AChE_inhibitor,AChE_inhibitor,FAILURE,False,high,https://www.alzforum.org/therapeutics/phenserine,"Independently verified all criteria. (1) Phenserine is a real Axonyx compound; the Phase 3 AD program (375-377 mild-to-moderate AD pts, Austria/Croatia/Spain/UK) used ADAS-Cog + CIBIC+ co-primary endpoints (Wikipedia, Alzforum, SEC EX-99.1, PMC5161452). (2) FAILURE is correct: first Phase 3 readout Feb 2005 (no significant improvement vs placebo on primary endpoints after 26 wks), and Axonyx announced Sept 20 2005 that phenserine was ineffective in two curtailed Phase 3 trials and abandoned the ",FAILURE,Phase 3 ADAS-Cog/CIBIC+ not met (PMC5161452)
pioglitazone,PPARG_agonist,pparg_agonist,FAILURE,False,high,PMID:34146512,"All scientific claims independently confirmed. (1) TOMMORROW is real (NCT01931566), Phase 3, low-dose pioglitazone 0.8 mg/day SR, cognition endpoint = time to diagnosis of MCI due to AD. (2) Outcome FAILURE is correct: halted for futility Jan 2018; HR 0.80 (99% CI 0.45-1.40; p=0.307); pioglitazone did NOT delay MCI onset — clinical_g=0 (null) appropriate. (3) mechanism_class pparg_agonist correct: pioglitazone is a PPAR-gamma agonist thiazolidinedione (also weak PPAR-alpha). (4) target_uniprot P",,
piracetam,AMPA_PAM,ampa_receptor_positive_modulator,FAILURE,False,high,"PMID:11405971 (Flicker L, Grimley Evans J. Piracetam for dementia or cognitive impairment. Cochrane Database Syst Rev 2001; CD001011) — https://pubmed.ncbi.nlm.nih.gov/11405971/ ; target verified at https://rest.uniprot.org/uniprotkb/P42262.txt","All five checks pass. (1) Trial is real and independently confirmed on PubMed: Cochrane CD001011, Flicker & Grimley Evans, Cochrane Database Syst Rev 2001, PMID:11405971; it assessed cognition-relevant endpoints (global impression of change plus cognition-specific measures). (2) Outcome=FAILURE is correct: the review concluded the published evidence does NOT support piracetam for dementia/cognitive impairment — benefit appeared only on global impression of change (OR ~3.55) with no effect on any",,
ponezumab,anti_amyloid_beta_mab,anti_amyloid_beta_mab,FAILURE,False,high,https://pmc.ncbi.nlm.nih.gov/articles/PMC5651442/,"Independently confirmed against the primary publication (Landen et al. 2017, Alzheimer's & Dementia: TRCI, PMC5651442 = PMID 29067345) and UniProt REST (P05067.txt). (1) Real trial: randomized, double-blind, placebo-controlled Phase II PET-PIB study of ponezumab in mild-to-moderate AD (MMSE 16-26), 3 Swedish centers, with ADAS-Cog as a cognitive secondary endpoint at month 13. (2) Outcome = FAILURE: no ADAS-Cog difference vs placebo, minimal brain amyloid change, CSF biomarkers unaffected; autho",,
pridopidine,sigma1_agonist,sigma1_agonist,FAILURE,False,high,PMID:40913168 (Nature Medicine 2025; full text PMC12618238: https://pmc.ncbi.nlm.nih.gov/articles/PMC12618238/),"Independently confirmed all checks. (1) Pridopidine and PROOF-HD (NCT04556656) are real; Phase 3 in early-stage manifest HD, n=499 (placebo 249 / pridopidine 250), reported Stroop Word Reading as a cognition endpoint. (2) Outcome = FAILURE: primary TFC LS-mean diff -0.18 (95% CI -0.49 to 0.14; P=0.26) missed; key secondary cUHDRS -0.11 (P=0.45) missed; Stroop Word Reading cognition was NOT significant in the overall population (nominal significance only in the pre-specified non-ADM subgroup, e.g",,
reboxetine,norepinephrine_reuptake_inhibitor,norepinephrine_reuptake_inhibitor,SUCCESS,False,high,PMID:12490769 (https://pubmed.ncbi.nlm.nih.gov/12490769/),"All five checks pass on independent web research. (1) Trial is real and cognition-relevant: Ferguson JM, Wesnes KA, Schwartz GE, Int Clin Psychopharmacol 2003;18(1):9-14, PMID:12490769 — 74 MDD patients, randomized double-blind placebo- and paroxetine-controlled, 8 weeks, cognition assessed via the Cognitive Drug Research (CDR) computerized battery (Simple/Choice Reaction Time, Digit Vigilance, Numeric Working Memory, Word Recognition, Critical Flicker Frequency). (2) Outcome SUCCESS confirmed: ",,
rosiglitazone,PPARG_agonist,pparg_agonist,FAILURE,False,high,https://pubmed.ncbi.nlm.nih.gov/21592048/,"Independently confirmed against PubMed PMID:21592048 (Harrington C et al., Curr Alzheimer Res. 2011 Aug;8(5):592-606). Two Phase 3 studies REFLECT-2 (N=1,496) and REFLECT-3 (N=1,485) of extended-release rosiglitazone (2/8 mg) adjunctive to AChE inhibitors found no statistically or clinically relevant effect on co-primary ADAS-Cog/CDR-SB endpoints, with no treatment-APOE interaction = null cognition readout = FAILURE, clinical_g=0. mechanism_class pparg_agonist is correct (rosiglitazone is a thia",,
saracatinib,tyrosine_kinase_inhibitor,src_family_kinase_inhibitor,FAILURE,False,high,"https://pmc.ncbi.nlm.nih.gov/articles/PMC6646979/ (PMID:31329216, JAMA Neurol 2019); UniProt P06241 verified via https://rest.uniprot.org/uniprotkb/P06241.txt","Independently confirmed against the primary JAMA Neurology 2019 paper (PMID 31329216, PMC6646979) and UniProt REST API. (1) Drug+trial real: saracatinib/AZD0530, CONNECT Phase 2a, NCT02167256, 159 pts, 52 wk, cognition-relevant secondaries reported (ADAS-Cog11, CDR-SB, MMSE, ADCS-ADL). (2) Outcome=FAILURE matches readout: primary FDG-PET CMRgl null (mean diff -0.006, P=.34) AND all cognitive/clinical secondaries non-significant (ADAS-Cog11 P=.39, CDR-SB P=.23, MMSE P=.51); clinical_g=0 correct f",,
sarcosine,GlyT1_NMDA_coagonist,glyt1_inhibitor,FAILURE,False,high,https://pubmed.ncbi.nlm.nih.gov/32122256/ (PMID 32122256; DOI 10.1177/0269881120908016),"All five checks pass against independent primary sources. (1) Trial is real: meta-analysis confirmed on PubMed (PMID 32122256) and SAGE full text — 7 double-blind RCTs, 326 participants, cognition assessed in 4 trials. (2) Outcome FAILURE matches the cognition readout: overall cognition SMD=0.27, 95% CI -0.06 to 0.60, p=0.10 (positive but non-significant); authors conclude sarcosine affects clinical symptoms (SMD=0.51, p<0.01) 'but not cognitive functions' — independently verified, not relying o",,
semaglutide,GLP1_receptor_agonist,glp1_receptor_agonist,FAILURE,False,high,"https://pubmed.ncbi.nlm.nih.gov/41865758/ (Lancet, ""Efficacy and safety of oral semaglutide 14 mg ... evoke and evoke+""); corroborated by Novo Nordisk press release https://www.globenewswire.com/news-release/2025/11/24/3193328/0/en/Novo-Nordisk-A-S-Evoke-phase-3-trials-did-not-demonstrate-a-statisti","All criteria pass. (1) Drug/trial real: NCT04777396=EVOKE, oral semaglutide 14mg in early-stage symptomatic AD, primary endpoint CDR-SB at week 104 (cognition/global-decline endpoint); ClinicalTrials.gov API confirms 'Completed'. (2) Outcome FAILURE correct: primary CDR-SB endpoint NOT met — evoke diff -0.08 (95%CI -0.35 to 0.20, p=0.57), evoke+ diff +0.10 (-0.17 to 0.38, p=0.46); CDR-SB changes ~2.2-2.3 in both arms; trials discontinued; biomarkers improved but no clinical benefit. Confirmed by",,
sodium benzoate,DAAO_inhibitor,daao_inhibitor,SUCCESS,False,high,"PMID:24074637 (Lin CH et al., Biological Psychiatry 2014;75:678-685); trial registration NCT01600469 (clinicaltrials.gov/api/v2/studies/NCT01600469); UniProt P14920 (rest.uniprot.org/uniprotkb/P14920.txt)","Independently confirmed via PubMed primary source PMID:24074637 (Lin et al., Biological Psychiatry 2014): 60-patient amnestic MCI / mild AD RCT of sodium benzoate (a D-amino acid oxidase inhibitor) 250-750 mg/day vs placebo over 24 weeks; primary endpoint ADAS-Cog improved vs placebo at week 16 (p=.0021), week 24 (p=.0116), and endpoint (p=.0031) -> SUCCESS on cognition, exactly matching the candidate evidence. Mechanism (daao_inhibitor) confirmed and target_uniprot P14920 confirmed via UniProt ",FAILURE,small single-center Phase 2 RCTs only (PMID 24074637); no approval/pivotal
sodium oligomannate,amyloid_aggregation_inhibitor,gut_microbiota_modulating_amyloid_antiaggregant,SUCCESS,False,medium,https://pmc.ncbi.nlm.nih.gov/articles/PMC7967962/ (PMID 33731209),"Independently confirmed against the primary source (Xiao et al., Alzheimer's Research & Therapy 2021, PMID 33731209 = PMC7967962; first author Shifu Xiao verified). (1) Drug and trial are real; primary endpoint was ADAS-Cog12 (cognition-relevant). (2) Outcome = SUCCESS: n=818, 900 mg, 36 wk; primary endpoint MET with drug-placebo difference -2.15 (95% CI -3.07 to -1.23; p<0.0001; Cohen's d=0.531), and conditional NMPA approval in China (Nov 2, 2019) in the lead indication. (3) mechanism_class co",FAILURE,re-included as FAILURE: single contested Phase 3 (implausible curve); global confirmatory GREEN MEMORY halted; not field-accepted outside China
solanezumab,anti_amyloid_beta_mab,anti_amyloid_beta_mab,FAILURE,False,high,https://pubmed.ncbi.nlm.nih.gov/29365294/,"All five checks pass against independent primary sources. (1) EXPEDITION3 (NCT01900665) is real; published in NEJM (Honig et al., PMID 29365294) with a cognition-relevant primary endpoint (ADAS-Cog14 change to week 80). (2) Outcome = FAILURE: solanezumab did not significantly slow cognitive decline; ADAS-Cog14 difference -0.80 (95% CI -1.73 to 0.14, p=0.10/0.095), and the program was subsequently discontinued for AD — candidate's evidence string matches the source verbatim. (3) mechanism_class i",,
tacrine,AChE_inhibitor,AChE_inhibitor,SUCCESS,False,high,PMID:8139083 (https://pubmed.ncbi.nlm.nih.gov/8139083/); UniProt P22303 confirmed via https://rest.uniprot.org/uniprotkb/P22303.txt,"All criteria independently confirmed. (1) Trial is real: Knapp et al., JAMA 1994, ""A 30-week randomized controlled trial of high-dose tacrine in patients with Alzheimer's disease,"" n=663 enrolled/653 ITT, primary cognition endpoint ADAS-Cog. (2) SUCCESS is correct: significant improvement for 160 mg/d tacrine vs placebo on ADAS-Cog (P<=.001) and CIBI (P<=.002); tacrine = first FDA-approved AD drug (Cognex, 1993). (3) Mechanism AChE_inhibitor correct — tacrine is a reversible acetylcholinesterase",SUCCESS,"FDA-approved 1993 (Cognex) on met ADAS-Cog; later market exit was safety/commercial, not efficacy (PMID 7919566)"
tadalafil,pde5_inhibitor,pde5_inhibitor,FAILURE,False,high,https://pmc.ncbi.nlm.nih.gov/articles/PMC12666843/,"Independently confirmed against primary sources. The ETLAS-2 cognition sub-study (PMC12666843, ScienceDirect S2666245025001448, 2025) is a randomized placebo-controlled trial of tadalafil 20 mg daily x 3 months, n=60 (28 tadalafil/32 placebo), with SDMT + CANTAB cognitive endpoints. Verbatim conclusion: 'Three months of tadalafil did not improve cognition' and 'no overall difference in cognitive outcomes between groups' (the only significant finding was a likely-spurious slower reaction time in ",,
tandospirone,serotonin_5HT1A_partial_agonist,5HT1A_partial_agonist,SUCCESS,False,medium,https://pubmed.ncbi.nlm.nih.gov/11579010/,"Independently confirmed against PubMed (PMID:11579010, Sumiyoshi T et al., Am J Psychiatry 2001;158(10):1722-5) without relying on the candidate's citation. Trial is real: randomized, placebo-controlled add-on, n=26, tandospirone 30 mg/day x 6 weeks, cognitive endpoints = executive function and verbal memory. Verbatim result: 'both cognitive measures improved significantly in the patients who received tandospirone; subjects who did not receive tandospirone showed no change' -> SUCCESS on cogniti",FAILURE,approved for anxiety not cognition; tiny Phase 2 schizophrenia (PMID 11579010)
tilavonemab,tau_targeting,tau_aggregation_or_antibody,FAILURE,False,high,"PMID:36730056 (Florian et al., Brain 2023;146(6):2275, https://academic.oup.com/brain/article/146/6/2275/7024804)","Independently confirmed via PubMed 36730056 / Brain 2023;146(6):2275 and Alzforum. Tilavonemab (ABBV-8E12) is a real N-terminal anti-tau IgG4 antibody; NCT02880956 is a real 96-week Phase 2 RCT in early AD. Primary endpoint CDR-SB showed no significant difference vs placebo at any dose (300mg P=0.848, 1000mg P=0.869, 2000mg P=0.679) and no cognitive/functional secondary benefit; authors deemed further AD investigation unwarranted and AbbVie discontinued the program (delisted July 2021). FAILURE ",,
tramiprosate,amyloid_aggregation_inhibitor,amyloid_beta_aggregation_inhibitor,FAILURE,False,high,"PMID 22291741 (Aisen PS et al., ""Tramiprosate in mild-to-moderate Alzheimer's disease — the Alphase Study"", Arch Med Sci 2011) — https://pubmed.ncbi.nlm.nih.gov/22291741/ ; UniProt P05067 verified at https://rest.uniprot.org/uniprotkb/P05067.txt","Independently confirmed all required fields against primary sources. (1) Tramiprosate (homotaurine/ALZHEMED) is real; the 'Alphase Study' is the genuine, registered name of the North American Phase 3 trial — exactly the paper at PMID 22291741 (Aisen et al., Arch Med Sci 2011): 1,052 patients, 67 N.A. centers, 78-week treatment, ADAS-Cog + CDR-SB co-primary endpoints. All match the candidate. (2) Outcome FAILURE confirmed: no significant between-group difference on primary cognitive endpoint; ADA",,
valiltramiprosate,amyloid_aggregation_inhibitor,amyloid_beta_aggregation_inhibitor,FAILURE,False,high,https://pmc.ncbi.nlm.nih.gov/articles/PMC12726020/,"Independently confirmed all five checks. (1) Drug/trial real: valiltramiprosate (ALZ-801) in APOLLOE4 (NCT04770220, Phase 3), primary endpoint ADAS-Cog13 at 78 weeks, n=320 full analysis set (325 enrolled), per peer-reviewed topline publication PMC12726020 and BusinessWire/Alzheon press release (2025-04-09). (2) FAILURE confirmed: primary ADAS-Cog13 endpoint NOT met in overall population (placebo-adjusted −0.50 points, p=0.61); only a prespecified MCI subgroup showed nominal benefit (p=0.041). c",,
valproate,HDAC_inhibitor,histone_deacetylase_inhibitor,FAILURE,False,high,"PMID 21810649 (Tariot PN et al., Arch Gen Psychiatry. 2011;68(8):853-861); https://pubmed.ncbi.nlm.nih.gov/21810649/","Independently confirmed against PubMed/PMC (PMID 21810649), ALZFORUM, and UniProt. (1) Trial is real: ADCS VALID Phase 3, NCT00071721, 313 pts moderate AD, 24 mo; cognition (ADAS-Cog/CDR-SB/ADCS-ADL) reported as secondary endpoints. (2) Outcome=FAILURE is correct: valproate did NOT slow cognitive/functional decline, did NOT delay agitation/psychosis (HR 0.96, P=.88), caused significant toxicity, and MRI substudy showed greater brain volume loss correlating with faster cognitive decline. (3) mech",,
varenicline,nicotinic_alpha4beta2,nicotinic_acetylcholine_receptor_partial_agonist (alpha4beta2),FAILURE,False,high,https://pubmed.ncbi.nlm.nih.gov/22048460/,"Independently confirmed all criteria. (1) Trial is real: Shim et al. 2012, Neuropsychopharmacology 37(3):660-668, PMID:22048460, NCT00523445, n=120; 8-week double-blind placebo-controlled RCT of adjunctive varenicline with a neurocognitive composite (DSST/WCST/CPT/Stroop) as the cognition endpoint. (2) Outcome=FAILURE is correct: PubMed confirms the PRIMARY week-8 neurocognitive endpoint showed NO significant varenicline-vs-placebo difference. Although the paper spun positive secondary/longitudi",,
velnacrine,AChE_inhibitor,AChE_inhibitor,SUCCESS,False,high,"PMID:9013398 (Zemlan FP et al., J Neural Transm Vienna 1996;103(8-9):1105-16) — corroborated by PMID:7654110 (Antuono PG, Arch Intern Med 1995) and UniProt P22303","Independently confirmed all 5 checks. (1) Drug/trial real with cognition endpoint: velnacrine is a tacrine-derivative AChE inhibitor; the Mentane Study Group ran a double-blind placebo-controlled program with ADAS-Cog as a primary endpoint, reported in two companion papers — PMID:9013398 (Zemlan 1996, J Neural Transm: dose-ranging + 6-wk dose-replication, ADAS-Cog P<0.001, ~4.1-pt improvement at highest dose) and PMID:7654110 (Antuono 1995, Arch Intern Med: 24-wk, 'modest but significant benefit",FAILURE,re-included as FAILURE: Cochrane CD004748 efficacy 'unverifiable/no evidence'; FDA AdCom unanimous against; positive only in enrichment design
viloxazine,norepinephrine_reuptake_inhibitor,norepinephrine_reuptake_inhibitor,SUCCESS,False,high,https://pubmed.ncbi.nlm.nih.gov/35896943/,"All checks independently confirmed. (1) Trial real: PMID:35896943 = NCT04016779, Phase 3 viloxazine ER in adults with ADHD (n=374, 200-600 mg/day); reports cognition-relevant BRIEF-A executive-function endpoint. Candidate's BRIEF-A p-values confirmed verbatim from the abstract: Global Executive Composite p=0.0468, Metacognition Index p=0.0100. (2) Outcome=SUCCESS correct: primary AISRS met (-15.5 vs -11.7, p=0.0040) and Qelbree FDA-approved for adult ADHD 2022-04-29 based on this study (lead ind",,
vinpocetine,pde1_inhibitor,pde1_inhibitor,FAILURE,False,high,"https://pubmed.ncbi.nlm.nih.gov/12535455/ (Cochrane CD003119, Szatmári & Whitehouse 2003); UniProt Q01064 confirmed via https://rest.uniprot.org/uniprotkb/Q01064.txt","Independently confirmed all checks. (1) Real drug + real trial: PMID:12535455 = Cochrane review CD003119 'Vinpocetine for cognitive impairment and dementia' (Szatmari SZ, Whitehouse PJ, Cochrane Database Syst Rev 2003), 3 RCTs / 583 dementia patients, cognition/global endpoints. (2) Outcome=FAILURE correct: authors conclude verbatim 'the evidence for beneficial effect of vinpocetine on patients with dementia is inconclusive and does not support clinical use'; not approved for dementia despite sh",,
zagotenemab,tau_targeting,tau_aggregation_or_antibody,FAILURE,False,high,PMID:38386949 (Neurology 2024;102(5):e208061); open-access full text PMC11067698 (https://pmc.ncbi.nlm.nih.gov/articles/PMC11067698/),"All five checks pass. (1) Zagotenemab (LY3303560) and PERISCOPE-ALZ (NCT03518073) are real; primary endpoint was iADRS change to 104 weeks (cognition/function composite). (2) Outcome=FAILURE confirmed independently: disease-progression ratios 1.10 (1,400 mg) and 1.05 (5,600 mg) vs placebo, posterior probability of >=25% slowing <0.01% per arm; did not meet primary endpoint; Lilly discontinued development (Oct 2021). clinical_g=0 is appropriate (null; CIs span 1.0, not robustly worsening). (3) me",,
